Gene_set,Term,Overlap,P_value,Adjusted_P_value,Old P-value,Old Adjusted P-value,Odds_Ratio,Combined_Score,Genes,Database
GO_Biological_Process_2021,positive regulation of mitotic cell cycle phase transition (GO:1901992),2/58,0.0006315820253314937,0.0519159857944098,0,0,64.71103896103897,476.74452009710456,BRD4;EIF4G1,GO_Biological_Process
GO_Biological_Process_2021,regulation of Wnt signaling pathway (GO:0030111),2/111,0.0022877571469236,0.0519159857944098,0,0,33.15763135946622,201.604478222602,ITGA3;SMARCA4,GO_Biological_Process
GO_Biological_Process_2021,regulation of triglyceride metabolic process (GO:0090207),1/5,0.0032460508750897,0.0519159857944098,0,0,416.3125,2385.6022367218384,MBOAT7,GO_Biological_Process
GO_Biological_Process_2021,glucose import across plasma membrane (GO:0098708),1/5,0.0032460508750897,0.0519159857944098,0,0,416.3125,2385.6022367218384,SLC2A1,GO_Biological_Process
GO_Biological_Process_2021,positive regulation of translation in response to stress (GO:0032056),1/5,0.0032460508750897,0.0519159857944098,0,0,416.3125,2385.6022367218384,EIF4G1,GO_Biological_Process
GO_Biological_Process_2021,disaccharide biosynthetic process (GO:0046351),1/5,0.0032460508750897,0.0519159857944098,0,0,416.3125,2385.6022367218384,SLC2A1,GO_Biological_Process
GO_Biological_Process_2021,macromolecule biosynthetic process (GO:0009059),1/6,0.0038940964853966,0.0519159857944098,0,0,333.03333333333336,1847.7667100463036,EIF4G1,GO_Biological_Process
GO_Biological_Process_2021,transmembrane receptor protein tyrosine phosphatase signaling pathway (GO:0007185),1/6,0.0038940964853966,0.0519159857944098,0,0,333.03333333333336,1847.7667100463036,PTPRF,GO_Biological_Process
GO_Biological_Process_2021,regulation of cardiac muscle hypertrophy in response to stress (GO:1903242),1/6,0.0038940964853966,0.0519159857944098,0,0,333.03333333333336,1847.7667100463036,LMNA,GO_Biological_Process
GO_Biological_Process_2021,hexose import across plasma membrane (GO:0140271),1/6,0.0038940964853966,0.0519159857944098,0,0,333.03333333333336,1847.7667100463036,SLC2A1,GO_Biological_Process
GO_Biological_Process_2021,regulation of protein depolymerization (GO:1901879),1/6,0.0038940964853966,0.0519159857944098,0,0,333.03333333333336,1847.7667100463036,WDR1,GO_Biological_Process
GO_Biological_Process_2021,regulation of miRNA mediated inhibition of translation (GO:1905616),1/7,0.0045417536091676,0.0519159857944098,0,0,277.5138888888889,1497.032601111507,EIF4G1,GO_Biological_Process
GO_Biological_Process_2021,positive regulation of miRNA mediated inhibition of translation (GO:1905618),1/7,0.0045417536091676,0.0519159857944098,0,0,277.5138888888889,1497.032601111507,EIF4G1,GO_Biological_Process
GO_Biological_Process_2021,positive regulation of mRNA binding (GO:1902416),1/7,0.0045417536091676,0.0519159857944098,0,0,277.5138888888889,1497.032601111507,EIF4G1,GO_Biological_Process
GO_Biological_Process_2021,dendritic spine maintenance (GO:0097062),1/8,0.0051890223794998,0.0519159857944098,0,0,237.8571428571429,1251.416370420653,ITGA3,GO_Biological_Process
GO_Biological_Process_2021,L-ascorbic acid metabolic process (GO:0019852),1/9,0.005835902950749,0.0519159857944098,0,0,208.11458333333331,1070.4844511001115,SLC2A1,GO_Biological_Process
GO_Biological_Process_2021,maintenance of apical/basal cell polarity (GO:0035090),1/9,0.005835902950749,0.0519159857944098,0,0,208.11458333333331,1070.4844511001115,WDR1,GO_Biological_Process
GO_Biological_Process_2021,maintenance of epithelial cell apical/basal polarity (GO:0045199),1/9,0.005835902950749,0.0519159857944098,0,0,208.11458333333331,1070.4844511001115,WDR1,GO_Biological_Process
GO_Biological_Process_2021,mesodermal cell differentiation (GO:0048333),1/9,0.005835902950749,0.0519159857944098,0,0,208.11458333333331,1070.4844511001115,ITGA3,GO_Biological_Process
GO_Biological_Process_2021,regulation of receptor binding (GO:1900120),1/10,0.006482395492037,0.0519159857944098,0,0,184.9814814814815,932.059746399125,PTPRF,GO_Biological_Process
GO_Biological_Process_2021,long-chain fatty acid import into cell (GO:0044539),1/10,0.006482395492037,0.0519159857944098,0,0,184.9814814814815,932.059746399125,SLC2A1,GO_Biological_Process
GO_Biological_Process_2021,renal filtration (GO:0097205),1/10,0.006482395492037,0.0519159857944098,0,0,184.9814814814815,932.059746399125,ITGA3,GO_Biological_Process
GO_Biological_Process_2021,positive regulation of transcription of nucleolar large rRNA by RNA polymerase I (GO:1901838),1/10,0.006482395492037,0.0519159857944098,0,0,184.9814814814815,932.059746399125,SMARCA4,GO_Biological_Process
GO_Biological_Process_2021,negative regulation of receptor binding (GO:1900121),1/10,0.006482395492037,0.0519159857944098,0,0,184.9814814814815,932.059746399125,PTPRF,GO_Biological_Process
GO_Biological_Process_2021,actin filament depolymerization (GO:0030042),1/11,0.00712850018242,0.0519159857944098,0,0,166.475,822.994869532877,WDR1,GO_Biological_Process
GO_Biological_Process_2021,positive regulation of transcription elongation from RNA polymerase II promoter (GO:0032968),1/11,0.00712850018242,0.0519159857944098,0,0,166.475,822.994869532877,BRD4,GO_Biological_Process
GO_Biological_Process_2021,negative regulation of cardiac muscle hypertrophy (GO:0010614),1/12,0.0077742172076079,0.0519159857944098,0,0,151.33333333333334,735.0172993440868,LMNA,GO_Biological_Process
GO_Biological_Process_2021,positive regulation of protein depolymerization (GO:1901881),1/12,0.0077742172076079,0.0519159857944098,0,0,151.33333333333334,735.0172993440868,WDR1,GO_Biological_Process
GO_Biological_Process_2021,regulation of actin filament depolymerization (GO:0030834),1/12,0.0077742172076079,0.0519159857944098,0,0,151.33333333333334,735.0172993440868,WDR1,GO_Biological_Process
GO_Biological_Process_2021,positive regulation of actin filament depolymerization (GO:0030836),1/12,0.0077742172076079,0.0519159857944098,0,0,151.33333333333334,735.0172993440868,WDR1,GO_Biological_Process
GO_Biological_Process_2021,regulation of response to stress (GO:0080134),1/13,0.0084195467572216,0.0519159857944098,0,0,138.71527777777777,662.6705253310397,EIF4G1,GO_Biological_Process
GO_Biological_Process_2021,positive regulation of cell aging (GO:0090343),1/13,0.0084195467572216,0.0519159857944098,0,0,138.71527777777777,662.6705253310397,LMNA,GO_Biological_Process
GO_Biological_Process_2021,glucose import (GO:0046323),1/13,0.0084195467572216,0.0519159857944098,0,0,138.71527777777777,662.6705253310397,SLC2A1,GO_Biological_Process
GO_Biological_Process_2021,regulation of cell aging (GO:0090342),1/13,0.0084195467572216,0.0519159857944098,0,0,138.71527777777777,662.6705253310397,LMNA,GO_Biological_Process
GO_Biological_Process_2021,cellular component maintenance (GO:0043954),1/13,0.0084195467572216,0.0519159857944098,0,0,138.71527777777777,662.6705253310397,ITGA3,GO_Biological_Process
GO_Biological_Process_2021,regulation of cell growth (GO:0001558),2/217,0.0084479427671494,0.0519159857944098,0,0,16.720507399577166,79.8208987439826,SMARCA4;EIF4G1,GO_Biological_Process
GO_Biological_Process_2021,synaptic membrane adhesion (GO:0099560),1/14,0.0090644890278939,0.0519159857944098,0,0,128.03846153846155,602.2149225510485,PTPRF,GO_Biological_Process
GO_Biological_Process_2021,regulation of transcription of nucleolar large rRNA by RNA polymerase I (GO:1901836),1/14,0.0090644890278939,0.0519159857944098,0,0,128.03846153846155,602.2149225510485,SMARCA4,GO_Biological_Process
GO_Biological_Process_2021,negative regulation of androgen receptor signaling pathway (GO:0060766),1/15,0.0097090442156726,0.0519159857944098,0,0,118.88690476190476,551.0048324972125,SMARCA4,GO_Biological_Process
GO_Biological_Process_2021,negative regulation of type I interferon-mediated signaling pathway (GO:0060339),1/16,0.0103532125188836,0.0519159857944098,0,0,110.95555555555556,507.11775303850175,STAT2,GO_Biological_Process
GO_Biological_Process_2021,positive regulation by host of viral transcription (GO:0043923),1/16,0.0103532125188836,0.0519159857944098,0,0,110.95555555555556,507.11775303850175,SMARCA4,GO_Biological_Process
GO_Biological_Process_2021,regulation of cellular response to growth factor stimulus (GO:0090287),1/17,0.0109969941425308,0.0519159857944098,0,0,104.015625,469.12433437564215,ITGA3,GO_Biological_Process
GO_Biological_Process_2021,negative regulation of peptidyl-threonine phosphorylation (GO:0010801),1/17,0.0109969941425308,0.0519159857944098,0,0,104.015625,469.12433437564215,EIF4G1,GO_Biological_Process
GO_Biological_Process_2021,negative regulation of Rho protein signal transduction (GO:0035024),1/18,0.011640389286531,0.0519159857944098,0,0,97.8921568627451,435.94063546940737,ITGA3,GO_Biological_Process
GO_Biological_Process_2021,chromatin disassembly (GO:0031498),1/18,0.011640389286531,0.0519159857944098,0,0,97.8921568627451,435.94063546940737,SMARCA4,GO_Biological_Process
GO_Biological_Process_2021,nucleosome disassembly (GO:0006337),1/18,0.011640389286531,0.0519159857944098,0,0,97.8921568627451,435.94063546940737,SMARCA4,GO_Biological_Process
GO_Biological_Process_2021,phosphatidylinositol acyl-chain remodeling (GO:0036149),1/18,0.011640389286531,0.0519159857944098,0,0,97.8921568627451,435.94063546940737,MBOAT7,GO_Biological_Process
GO_Biological_Process_2021,regulation of presynapse assembly (GO:1905606),1/18,0.011640389286531,0.0519159857944098,0,0,97.8921568627451,435.94063546940737,EIF4G1,GO_Biological_Process
GO_Biological_Process_2021,regulation of presynapse organization (GO:0099174),1/18,0.011640389286531,0.0519159857944098,0,0,97.8921568627451,435.94063546940737,EIF4G1,GO_Biological_Process
GO_Biological_Process_2021,cellular response to interleukin-7 (GO:0098761),1/19,0.0122833981550328,0.0519159857944098,0,0,92.44907407407408,406.7303181925871,SMARCA4,GO_Biological_Process
GO_Biological_Process_2021,regulation of glucose transmembrane transport (GO:0010827),1/19,0.0122833981550328,0.0519159857944098,0,0,92.44907407407408,406.7303181925871,SLC2A1,GO_Biological_Process
GO_Biological_Process_2021,fatty acid transmembrane transport (GO:1902001),1/19,0.0122833981550328,0.0519159857944098,0,0,92.44907407407408,406.7303181925871,SLC2A1,GO_Biological_Process
GO_Biological_Process_2021,cytoplasmic translational initiation (GO:0002183),1/19,0.0122833981550328,0.0519159857944098,0,0,92.44907407407408,406.7303181925871,EIF4G1,GO_Biological_Process
GO_Biological_Process_2021,N-glycan processing (GO:0006491),1/19,0.0122833981550328,0.0519159857944098,0,0,92.44907407407408,406.7303181925871,GANAB,GO_Biological_Process
GO_Biological_Process_2021,interleukin-7-mediated signaling pathway (GO:0038111),1/19,0.0122833981550328,0.0519159857944098,0,0,92.44907407407408,406.7303181925871,SMARCA4,GO_Biological_Process
GO_Biological_Process_2021,regulation of protein phosphorylation (GO:0001932),2/266,0.0124789542765502,0.0519159857944098,0,0,13.583333333333334,59.54541741446951,STAT2;BRD4,GO_Biological_Process
GO_Biological_Process_2021,protein-containing complex assembly (GO:0065003),2/267,0.0125685363818355,0.0519159857944098,0,0,13.531389365351629,59.2209198576358,SLC2A1;SMARCA4,GO_Biological_Process
GO_Biological_Process_2021,protein-DNA complex disassembly (GO:0032986),1/20,0.0129260209528938,0.0519159857944098,0,0,87.57894736842105,380.8381798737429,SMARCA4,GO_Biological_Process
GO_Biological_Process_2021,glucose transmembrane transport (GO:1904659),1/20,0.0129260209528938,0.0519159857944098,0,0,87.57894736842105,380.8381798737429,SLC2A1,GO_Biological_Process
GO_Biological_Process_2021,mesoderm formation (GO:0001707),1/20,0.0129260209528938,0.0519159857944098,0,0,87.57894736842105,380.8381798737429,ITGA3,GO_Biological_Process
GO_Biological_Process_2021,positive regulation of G2/M transition of mitotic cell cycle (GO:0010971),1/20,0.0129260209528938,0.0519159857944098,0,0,87.57894736842105,380.8381798737429,BRD4,GO_Biological_Process
GO_Biological_Process_2021,positive regulation of cell cycle G2/M phase transition (GO:1902751),1/23,0.0148515749863377,0.0559790134100421,0,0,75.625,318.3547328251434,BRD4,GO_Biological_Process
GO_Biological_Process_2021,positive regulation of transcription by RNA polymerase I (GO:0045943),1/23,0.0148515749863377,0.0559790134100421,0,0,75.625,318.3547328251434,SMARCA4,GO_Biological_Process
GO_Biological_Process_2021,hexose transmembrane transport (GO:0008645),1/23,0.0148515749863377,0.0559790134100421,0,0,75.625,318.3547328251434,SLC2A1,GO_Biological_Process
GO_Biological_Process_2021,response to nutrient levels (GO:0031667),1/23,0.0148515749863377,0.0559790134100421,0,0,75.625,318.3547328251434,EIF4G1,GO_Biological_Process
GO_Biological_Process_2021,regulation of cellular response to transforming growth factor beta stimulus (GO:1903844),1/24,0.0154926555661662,0.0572850872690382,0,0,72.33333333333333,301.441152263015,ITGA3,GO_Biological_Process
GO_Biological_Process_2021,receptor signaling pathway via STAT (GO:0097696),1/25,0.016133351108423,0.0572850872690382,0,0,69.31597222222223,286.05777422638903,STAT2,GO_Biological_Process
GO_Biological_Process_2021,"positive regulation of DNA-templated transcription, elongation (GO:0032786)",1/25,0.016133351108423,0.0572850872690382,0,0,69.31597222222223,286.05777422638903,BRD4,GO_Biological_Process
GO_Biological_Process_2021,regulation of mitochondrial fission (GO:0090140),1/25,0.016133351108423,0.0572850872690382,0,0,69.31597222222223,286.05777422638903,STAT2,GO_Biological_Process
GO_Biological_Process_2021,positive regulation of G1/S transition of mitotic cell cycle (GO:1900087),1/26,0.0167736618234459,0.0584428635592247,0,0,66.54,272.01188501169923,EIF4G1,GO_Biological_Process
GO_Biological_Process_2021,regulation of transcription elongation from RNA polymerase II promoter (GO:0034243),1/27,0.0174135879176465,0.0584428635592247,0,0,63.9775641025641,259.14140891073174,BRD4,GO_Biological_Process
GO_Biological_Process_2021,dendritic spine organization (GO:0097061),1/27,0.0174135879176465,0.0584428635592247,0,0,63.9775641025641,259.14140891073174,ITGA3,GO_Biological_Process
GO_Biological_Process_2021,positive regulation of gene silencing by miRNA (GO:2000637),1/27,0.0174135879176465,0.0584428635592247,0,0,63.9775641025641,259.14140891073174,EIF4G1,GO_Biological_Process
GO_Biological_Process_2021,protein depolymerization (GO:0051261),1/28,0.0180531296002428,0.0587072885338435,0,0,61.60493827160494,247.30909578576168,WDR1,GO_Biological_Process
GO_Biological_Process_2021,sarcomere organization (GO:0045214),1/28,0.0180531296002428,0.0587072885338435,0,0,61.60493827160494,247.30909578576168,WDR1,GO_Biological_Process
GO_Biological_Process_2021,regulation of actin polymerization or depolymerization (GO:0008064),1/29,0.0186922870807393,0.0587072885338435,0,0,59.40178571428572,236.3979776770167,WDR1,GO_Biological_Process
GO_Biological_Process_2021,beta-catenin-TCF complex assembly (GO:1904837),1/29,0.0186922870807393,0.0587072885338435,0,0,59.40178571428572,236.3979776770167,SMARCA4,GO_Biological_Process
GO_Biological_Process_2021,regulation of type I interferon-mediated signaling pathway (GO:0060338),1/30,0.0193310605643026,0.0587072885338435,0,0,57.35057471264368,226.30778348154325,STAT2,GO_Biological_Process
GO_Biological_Process_2021,respiratory tube development (GO:0030323),1/30,0.0193310605643026,0.0587072885338435,0,0,57.35057471264368,226.30778348154325,ITGA3,GO_Biological_Process
GO_Biological_Process_2021,phosphatidylcholine acyl-chain remodeling (GO:0036151),1/30,0.0193310605643026,0.0587072885338435,0,0,57.35057471264368,226.30778348154325,MBOAT7,GO_Biological_Process
GO_Biological_Process_2021,receptor signaling pathway via JAK-STAT (GO:0007259),1/31,0.0199694502608653,0.0587072885338435,0,0,55.43611111111111,216.95208467294643,STAT2,GO_Biological_Process
GO_Biological_Process_2021,regulation of transmembrane receptor protein serine/threonine kinase signaling pathway (GO:0090092),1/31,0.0199694502608653,0.0587072885338435,0,0,55.43611111111111,216.95208467294643,ITGA3,GO_Biological_Process
GO_Biological_Process_2021,establishment or maintenance of epithelial cell apical/basal polarity (GO:0045197),1/32,0.0206074563833083,0.0587072885338435,0,0,53.64516129032258,208.25600447555712,WDR1,GO_Biological_Process
GO_Biological_Process_2021,regulation of transcription involved in G1/S transition of mitotic cell cycle (GO:0000083),1/32,0.0206074563833083,0.0587072885338435,0,0,53.64516129032258,208.25600447555712,BRD4,GO_Biological_Process
GO_Biological_Process_2021,negative regulation of intracellular steroid hormone receptor signaling pathway (GO:0033144),1/32,0.0206074563833083,0.0587072885338435,0,0,53.64516129032258,208.25600447555712,SMARCA4,GO_Biological_Process
GO_Biological_Process_2021,modulation by host of symbiont process (GO:0051851),1/32,0.0206074563833083,0.0587072885338435,0,0,53.64516129032258,208.25600447555712,SMARCA4,GO_Biological_Process
GO_Biological_Process_2021,positive regulation of pri-miRNA transcription by RNA polymerase II (GO:1902895),1/34,0.0218823187292358,0.0593247093187689,0,0,50.388888888888886,192.59017962885017,SMARCA4,GO_Biological_Process
GO_Biological_Process_2021,regulation of transmembrane transport (GO:0034762),1/34,0.0218823187292358,0.0593247093187689,0,0,50.388888888888886,192.59017962885017,SLC2A1,GO_Biological_Process
GO_Biological_Process_2021,positive regulation of cell cycle G1/S phase transition (GO:1902808),1/35,0.0225191753740633,0.0593247093187689,0,0,48.90441176470589,185.51341332613868,EIF4G1,GO_Biological_Process
GO_Biological_Process_2021,lung development (GO:0030324),1/35,0.0225191753740633,0.0593247093187689,0,0,48.90441176470589,185.51341332613868,ITGA3,GO_Biological_Process
GO_Biological_Process_2021,respiratory system development (GO:0060541),1/35,0.0225191753740633,0.0593247093187689,0,0,48.90441176470589,185.51341332613868,ITGA3,GO_Biological_Process
GO_Biological_Process_2021,peptidyl-tyrosine dephosphorylation (GO:0035335),1/35,0.0225191753740633,0.0593247093187689,0,0,48.90441176470589,185.51341332613868,PTPRF,GO_Biological_Process
GO_Biological_Process_2021,negative regulation of Ras protein signal transduction (GO:0046580),1/35,0.0225191753740633,0.0593247093187689,0,0,48.90441176470589,185.51341332613868,ITGA3,GO_Biological_Process
GO_Biological_Process_2021,regulation of androgen receptor signaling pathway (GO:0060765),1/36,0.0231556492787795,0.0603524901414997,0,0,47.50476190476191,178.87996472866277,SMARCA4,GO_Biological_Process
GO_Biological_Process_2021,negative regulation of innate immune response (GO:0045824),1/38,0.0244274496995066,0.0629971071197804,0,0,44.93243243243244,166.7913365695687,STAT2,GO_Biological_Process
GO_Biological_Process_2021,response to peptide (GO:1901652),1/39,0.0250627766358881,0.0633028894411606,0,0,43.74780701754386,161.27067055781572,STAT2,GO_Biological_Process
GO_Biological_Process_2021,regulation of peptidyl-threonine phosphorylation (GO:0010799),1/39,0.0250627766358881,0.0633028894411606,0,0,43.74780701754386,161.27067055781572,EIF4G1,GO_Biological_Process
GO_Biological_Process_2021,carboxylic acid metabolic process (GO:0019752),1/40,0.0256977216686787,0.0642443041716968,0,0,42.623931623931625,156.0612574523752,SLC2A1,GO_Biological_Process
GO_Biological_Process_2021,ATP-dependent chromatin remodeling (GO:0043044),1/42,0.0269664668566584,0.0667351957563768,0,0,40.540650406504064,146.47990317146446,SMARCA4,GO_Biological_Process
GO_Biological_Process_2021,lipid modification (GO:0030258),1/43,0.027600267431624,0.066951143769781,0,0,39.573412698412696,142.06577419675818,MBOAT7,GO_Biological_Process
GO_Biological_Process_2021,myofibril assembly (GO:0030239),1/43,0.027600267431624,0.066951143769781,0,0,39.573412698412696,142.06577419675818,WDR1,GO_Biological_Process
GO_Biological_Process_2021,regulation of pri-miRNA transcription by RNA polymerase II (GO:1902893),1/45,0.0288667255850808,0.0693367428269099,0,0,37.770833333333336,133.90008612704145,SMARCA4,GO_Biological_Process
GO_Biological_Process_2021,regulation of synapse assembly (GO:0051963),1/47,0.030131661136783,0.0709832401779984,0,0,36.125,126.5162089708299,EIF4G1,GO_Biological_Process
GO_Biological_Process_2021,regulation of cellular metabolic process (GO:0031323),1/47,0.030131661136783,0.0709832401779984,0,0,36.125,126.5162089708299,MBOAT7,GO_Biological_Process
GO_Biological_Process_2021,regulation of mitochondrion organization (GO:0010821),1/48,0.0307635584593973,0.0717816364052604,0,0,35.354609929078016,123.08440365356886,STAT2,GO_Biological_Process
GO_Biological_Process_2021,regulation of cellular protein metabolic process (GO:0032268),1/49,0.0313950757631915,0.0721716872006936,0,0,34.61631944444444,119.81068935137382,EIF4G1,GO_Biological_Process
GO_Biological_Process_2021,actin polymerization or depolymerization (GO:0008154),1/50,0.032026213248763,0.0721716872006936,0,0,33.90816326530612,116.6847899929619,WDR1,GO_Biological_Process
GO_Biological_Process_2021,mitotic nuclear membrane organization (GO:0101024),1/51,0.0326569711233982,0.0721716872006936,0,0,33.22833333333333,113.69728633442386,LMNA,GO_Biological_Process
GO_Biological_Process_2021,mitotic nuclear membrane reassembly (GO:0007084),1/51,0.0326569711233982,0.0721716872006936,0,0,33.22833333333333,113.69728633442386,LMNA,GO_Biological_Process
GO_Biological_Process_2021,regulation of protein modification process (GO:0031399),1/51,0.0326569711233982,0.0721716872006936,0,0,33.22833333333333,113.69728633442386,STAT2,GO_Biological_Process
GO_Biological_Process_2021,positive regulation of protein localization to cell periphery (GO:1904377),1/52,0.0332873496068505,0.0721716872006936,0,0,32.57516339869281,110.83952930563026,ITGA3,GO_Biological_Process
GO_Biological_Process_2021,positive regulation of protein localization to plasma membrane (GO:1903078),1/52,0.0332873496068505,0.0721716872006936,0,0,32.57516339869281,110.83952930563026,ITGA3,GO_Biological_Process
GO_Biological_Process_2021,response to peptide hormone (GO:0043434),1/52,0.0332873496068505,0.0721716872006936,0,0,32.57516339869281,110.83952930563026,STAT2,GO_Biological_Process
GO_Biological_Process_2021,IRE1-mediated unfolded protein response (GO:0036498),1/53,0.0339173488988434,0.0724216103670533,0,0,31.947115384615383,108.10356363888964,LMNA,GO_Biological_Process
GO_Biological_Process_2021,nuclear membrane reassembly (GO:0031468),1/54,0.0345469692098807,0.0724216103670533,0,0,31.342767295597483,105.4820602978719,LMNA,GO_Biological_Process
GO_Biological_Process_2021,regulation of gene silencing by RNA (GO:0060966),1/55,0.0351762107497116,0.0724216103670533,0,0,30.760802469135804,102.96825664265003,EIF4G1,GO_Biological_Process
GO_Biological_Process_2021,negative regulation of cytokine-mediated signaling pathway (GO:0001960),1/55,0.0351762107497116,0.0724216103670533,0,0,30.760802469135804,102.96825664265003,STAT2,GO_Biological_Process
GO_Biological_Process_2021,glycoprotein metabolic process (GO:0009100),1/55,0.0351762107497116,0.0724216103670533,0,0,30.760802469135804,102.96825664265003,GANAB,GO_Biological_Process
GO_Biological_Process_2021,regulation of posttranscriptional gene silencing (GO:0060147),1/55,0.0351762107497116,0.0724216103670533,0,0,30.760802469135804,102.96825664265003,EIF4G1,GO_Biological_Process
GO_Biological_Process_2021,negative regulation of autophagy (GO:0010507),1/59,0.0376893933426092,0.0769491780744938,0,0,28.63362068965517,93.87179112052809,EIF4G1,GO_Biological_Process
GO_Biological_Process_2021,apical junction assembly (GO:0043297),1/60,0.038316744140727,0.0775834902022985,0,0,28.146892655367232,91.81145674128096,WDR1,GO_Biological_Process
GO_Biological_Process_2021,double-strand break repair via nonhomologous end joining (GO:0006303),1/62,0.0395703133756882,0.0794649735823247,0,0,27.22131147540984,87.91601919409594,NSD2,GO_Biological_Process
GO_Biological_Process_2021,cellular response to type I interferon (GO:0071357),1/65,0.0414478394284331,0.0807470830450415,0,0,25.94140625,82.57978498333833,STAT2,GO_Biological_Process
GO_Biological_Process_2021,type I interferon signaling pathway (GO:0060337),1/65,0.0414478394284331,0.0807470830450415,0,0,25.94140625,82.57978498333833,STAT2,GO_Biological_Process
GO_Biological_Process_2021,cellular response to nutrient levels (GO:0031669),1/66,0.0420729281997368,0.0807470830450415,0,0,25.54102564102564,80.9229285312976,EIF4G1,GO_Biological_Process
GO_Biological_Process_2021,positive regulation of cell death (GO:0010942),1/66,0.0420729281997368,0.0807470830450415,0,0,25.54102564102564,80.9229285312976,EIF4G1,GO_Biological_Process
GO_Biological_Process_2021,cell-cell junction assembly (GO:0007043),1/66,0.0420729281997368,0.0807470830450415,0,0,25.54102564102564,80.9229285312976,WDR1,GO_Biological_Process
GO_Biological_Process_2021,positive regulation of nucleic acid-templated transcription (GO:1903508),2/511,0.0421862311418992,0.0807470830450415,0,0,6.957671012680835,22.025630471341497,BRD4;SMARCA4,GO_Biological_Process
GO_Biological_Process_2021,regulation of gene silencing by miRNA (GO:0060964),1/67,0.0426976406866875,0.0810924183584375,0,0,25.15277777777778,79.3220921121178,EIF4G1,GO_Biological_Process
GO_Biological_Process_2021,regulation of translational initiation (GO:0006446),1/68,0.0433219771034119,0.0815663236832231,0,0,24.776119402985078,77.77459794803441,EIF4G1,GO_Biological_Process
GO_Biological_Process_2021,negative regulation of cellular catabolic process (GO:0031330),1/69,0.0439459376578998,0.0815663236832231,0,0,24.410539215686278,76.2779330882361,EIF4G1,GO_Biological_Process
GO_Biological_Process_2021,cellular response to decreased oxygen levels (GO:0036294),1/69,0.0439459376578998,0.0815663236832231,0,0,24.410539215686278,76.2779330882361,LMNA,GO_Biological_Process
GO_Biological_Process_2021,regulation of G1/S transition of mitotic cell cycle (GO:2000045),1/71,0.0451927319981768,0.0832497694703257,0,0,23.710714285714285,73.42779054088277,EIF4G1,GO_Biological_Process
GO_Biological_Process_2021,regulation of Rho protein signal transduction (GO:0035023),1/73,0.04643802536608,0.0845305207511487,0,0,23.04976851851852,70.7544140609547,ITGA3,GO_Biological_Process
GO_Biological_Process_2021,regulation of peptide hormone secretion (GO:0090276),1/74,0.0470601097064945,0.0845305207511487,0,0,22.732876712328768,69.47916318158998,SLC2A1,GO_Biological_Process
GO_Biological_Process_2021,negative regulation of protein binding (GO:0032091),1/74,0.0470601097064945,0.0845305207511487,0,0,22.732876712328768,69.47916318158998,PTPRF,GO_Biological_Process
GO_Biological_Process_2021,actomyosin structure organization (GO:0031032),1/76,0.0483031547149421,0.0845305207511487,0,0,22.12444444444445,67.04278374363157,WDR1,GO_Biological_Process
GO_Biological_Process_2021,regulation of BMP signaling pathway (GO:0030510),1/76,0.0483031547149421,0.0845305207511487,0,0,22.12444444444445,67.04278374363157,ITGA3,GO_Biological_Process
GO_Biological_Process_2021,positive regulation of growth (GO:0045927),1/76,0.0483031547149421,0.0845305207511487,0,0,22.12444444444445,67.04278374363157,EIF4G1,GO_Biological_Process
GO_Biological_Process_2021,water-soluble vitamin metabolic process (GO:0006767),1/76,0.0483031547149421,0.0845305207511487,0,0,22.12444444444445,67.04278374363157,SLC2A1,GO_Biological_Process
GO_Biological_Process_2021,phosphatidylcholine metabolic process (GO:0046470),1/77,0.0489241158050175,0.0850099884555268,0,0,21.832236842105264,65.87844365768125,MBOAT7,GO_Biological_Process
GO_Biological_Process_2021,"regulation of transcription, DNA-templated (GO:0006355)",4/2244,0.0492952360791655,0.0850516397140532,0,0,3.521230158730159,10.598648664178048,STAT2;NSD2;BRD4;SMARCA4,GO_Biological_Process
GO_Biological_Process_2021,negative regulation of cellular process (GO:0048523),2/566,0.0507381253293396,0.085808725421196,0,0,6.261444229529336,18.66585158773062,LMNA;SMARCA4,GO_Biological_Process
GO_Biological_Process_2021,skin development (GO:0043588),1/80,0.0507847558615241,0.085808725421196,0,0,21.0,62.58334006884147,ITGA3,GO_Biological_Process
GO_Biological_Process_2021,regulation of protein localization to plasma membrane (GO:1903076),1/80,0.0507847558615241,0.085808725421196,0,0,21.0,62.58334006884147,ITGA3,GO_Biological_Process
GO_Biological_Process_2021,positive regulation of cytoskeleton organization (GO:0051495),1/82,0.0520233153027185,0.0872993989668906,0,0,20.47942386831276,60.53847309097546,WDR1,GO_Biological_Process
GO_Biological_Process_2021,regulation of defense response (GO:0031347),1/83,0.0526420354551319,0.0877367257585532,0,0,20.228658536585368,59.55803218916631,BRD4,GO_Biological_Process
GO_Biological_Process_2021,vascular transport (GO:0010232),1/84,0.0532603828402292,0.0881675256476767,0,0,19.983935742971887,58.60414077176453,SLC2A1,GO_Biological_Process
GO_Biological_Process_2021,G1/S transition of mitotic cell cycle (GO:0000082),1/85,0.0538783576585865,0.0884205975584603,0,0,19.745039682539684,57.67578236677708,BRD4,GO_Biological_Process
GO_Biological_Process_2021,transport across blood-brain barrier (GO:0150104),1/86,0.0544959601278673,0.0884205975584603,0,0,19.511764705882356,56.77199069596926,SLC2A1,GO_Biological_Process
GO_Biological_Process_2021,regulation of neuron death (GO:1901214),1/86,0.0544959601278673,0.0884205975584603,0,0,19.511764705882356,56.77199069596926,EIF4G1,GO_Biological_Process
GO_Biological_Process_2021,sensory perception of mechanical stimulus (GO:0050954),1/88,0.0557300488159362,0.0898280392098972,0,0,19.061302681992338,55.03447552600268,WDR1,GO_Biological_Process
GO_Biological_Process_2021,sensory perception of sound (GO:0007605),1/91,0.0575783943051017,0.0916019909399345,0,0,18.423148148148147,52.59086388764015,WDR1,GO_Biological_Process
GO_Biological_Process_2021,positive regulation of supramolecular fiber organization (GO:1902905),1/91,0.0575783943051017,0.0916019909399345,0,0,18.423148148148147,52.59086388764015,WDR1,GO_Biological_Process
GO_Biological_Process_2021,regulation of lipid metabolic process (GO:0019216),1/92,0.0581937669386946,0.0919836961289044,0,0,18.21978021978022,51.81663638666002,MBOAT7,GO_Biological_Process
GO_Biological_Process_2021,positive regulation of peptidyl-serine phosphorylation (GO:0033138),1/93,0.0588087686569903,0.0921438792176224,0,0,18.02083333333333,51.06138805719774,EIF4G1,GO_Biological_Process
GO_Biological_Process_2021,negative regulation of cell death (GO:0060548),1/94,0.0594233996587116,0.0921438792176224,0,0,17.82616487455197,50.32446129740212,EIF4G1,GO_Biological_Process
GO_Biological_Process_2021,nucleosome organization (GO:0034728),1/94,0.0594233996587116,0.0921438792176224,0,0,17.82616487455197,50.32446129740212,SMARCA4,GO_Biological_Process
GO_Biological_Process_2021,cytokine-mediated signaling pathway (GO:0019221),2/621,0.0598755008400771,0.0922609918604961,0,0,5.688941107357909,16.017144615629036,STAT2;SMARCA4,GO_Biological_Process
GO_Biological_Process_2021,positive regulation of cellular process (GO:0048522),2/625,0.0605616558414594,0.0927350355072348,0,0,5.651247628775718,15.846625771079625,LMNA;EIF4G1,GO_Biological_Process
GO_Biological_Process_2021,negative regulation of neuron death (GO:1901215),1/98,0.0618782205955173,0.0935812595426034,0,0,17.087628865979383,47.54781410425205,EIF4G1,GO_Biological_Process
GO_Biological_Process_2021,regulation of peptidyl-serine phosphorylation (GO:0033135),1/98,0.0618782205955173,0.0935812595426034,0,0,17.087628865979383,47.54781410425205,EIF4G1,GO_Biological_Process
GO_Biological_Process_2021,regulation of transforming growth factor beta receptor signaling pathway (GO:0017015),1/100,0.0631034120924418,0.093810392728005,0,0,16.74074074074074,46.254339159717055,ITGA3,GO_Biological_Process
GO_Biological_Process_2021,cell-matrix adhesion (GO:0007160),1/100,0.0631034120924418,0.093810392728005,0,0,16.74074074074074,46.254339159717055,ITGA3,GO_Biological_Process
GO_Biological_Process_2021,positive regulation of protein localization to membrane (GO:1905477),1/101,0.0637154538039526,0.093810392728005,0,0,16.5725,45.62953064886561,ITGA3,GO_Biological_Process
GO_Biological_Process_2021,positive regulation of cell growth (GO:0030307),1/102,0.0643271264420606,0.093810392728005,0,0,16.40759075907591,45.01871868898876,EIF4G1,GO_Biological_Process
GO_Biological_Process_2021,positive regulation of cellular protein metabolic process (GO:0032270),1/102,0.0643271264420606,0.093810392728005,0,0,16.40759075907591,45.01871868898876,EIF4G1,GO_Biological_Process
GO_Biological_Process_2021,regulation of cell death (GO:0010941),1/102,0.0643271264420606,0.093810392728005,0,0,16.40759075907591,45.01871868898876,EIF4G1,GO_Biological_Process
GO_Biological_Process_2021,chromatin remodeling (GO:0006338),1/103,0.0649384302010941,0.0941415112382725,0,0,16.24591503267974,44.42146030184692,SMARCA4,GO_Biological_Process
GO_Biological_Process_2021,regulation of insulin secretion (GO:0050796),1/104,0.0655493652791092,0.0944682029022457,0,0,16.0873786407767,43.83733060942407,SLC2A1,GO_Biological_Process
GO_Biological_Process_2021,positive regulation of cellular metabolic process (GO:0031325),1/105,0.066159931903958,0.0945588549771441,0,0,15.931891025641026,43.26592192345684,EIF4G1,GO_Biological_Process
GO_Biological_Process_2021,chromosome organization (GO:0051276),1/106,0.066770130249167,0.0945588549771441,0,0,15.77936507936508,42.70684291496826,SMARCA4,GO_Biological_Process
GO_Biological_Process_2021,protein localization to nucleus (GO:0034504),1/106,0.066770130249167,0.0945588549771441,0,0,15.77936507936508,42.70684291496826,LMNA,GO_Biological_Process
GO_Biological_Process_2021,protein-containing complex subunit organization (GO:0043933),1/112,0.070423598148171,0.0985930374074395,0,0,14.92192192192192,39.591244210462285,SLC2A1,GO_Biological_Process
GO_Biological_Process_2021,phosphatidylinositol metabolic process (GO:0046488),1/112,0.070423598148171,0.0985930374074395,0,0,14.92192192192192,39.591244210462285,MBOAT7,GO_Biological_Process
GO_Biological_Process_2021,"nuclear-transcribed mRNA catabolic process, nonsense-mediated decay (GO:0000184)",1/113,0.0710312243296769,0.0988786929589252,0,0,14.787946428571429,39.108731340452245,EIF4G1,GO_Biological_Process
GO_Biological_Process_2021,positive regulation of protein metabolic process (GO:0051247),1/115,0.0722453769721048,0.1000006630404841,0,0,14.527046783625732,38.17253111855829,EIF4G1,GO_Biological_Process
GO_Biological_Process_2021,positive regulation of protein-containing complex assembly (GO:0031334),1/118,0.0740638596731147,0.1013723218989558,0,0,14.152421652421651,36.8363135332588,EIF4G1,GO_Biological_Process
GO_Biological_Process_2021,regulation of cellular response to stress (GO:0080135),1/118,0.0740638596731147,0.1013723218989558,0,0,14.152421652421651,36.8363135332588,EIF4G1,GO_Biological_Process
GO_Biological_Process_2021,regulation of mRNA catabolic process (GO:0061013),1/122,0.0764833854144393,0.1022739848607303,0,0,13.681818181818182,35.17160025020979,EIF4G1,GO_Biological_Process
GO_Biological_Process_2021,regulation of anatomical structure morphogenesis (GO:0022603),1/123,0.0770873542947081,0.1022739848607303,0,0,13.568989071038253,34.77482268580042,STAT2,GO_Biological_Process
GO_Biological_Process_2021,defense response to symbiont (GO:0140546),1/124,0.0776909585674449,0.1022739848607303,0,0,13.4579945799458,34.3853967516103,STAT2,GO_Biological_Process
GO_Biological_Process_2021,regulation of phosphorylation (GO:0042325),1/125,0.0782941984154646,0.1022739848607303,0,0,13.348790322580646,34.003130280859715,STAT2,GO_Biological_Process
GO_Biological_Process_2021,platelet degranulation (GO:0002576),1/125,0.0782941984154646,0.1022739848607303,0,0,13.348790322580646,34.003130280859715,WDR1,GO_Biological_Process
GO_Biological_Process_2021,regulation of protein secretion (GO:0050708),1/125,0.0782941984154646,0.1022739848607303,0,0,13.348790322580646,34.003130280859715,SLC2A1,GO_Biological_Process
GO_Biological_Process_2021,negative regulation of cell growth (GO:0030308),1/126,0.0788970740354205,0.1022739848607303,0,0,13.241333333333332,33.62783759261686,SMARCA4,GO_Biological_Process
GO_Biological_Process_2021,synapse organization (GO:0050808),1/126,0.0788970740354205,0.1022739848607303,0,0,13.241333333333332,33.62783759261686,PTPRF,GO_Biological_Process
GO_Biological_Process_2021,negative regulation of growth (GO:0045926),1/126,0.0788970740354205,0.1022739848607303,0,0,13.241333333333332,33.62783759261686,SMARCA4,GO_Biological_Process
GO_Biological_Process_2021,phosphatidylinositol biosynthetic process (GO:0006661),1/126,0.0788970740354205,0.1022739848607303,0,0,13.241333333333332,33.62783759261686,MBOAT7,GO_Biological_Process
GO_Biological_Process_2021,regulation of response to external stimulus (GO:0032101),1/130,0.0813049384468739,0.1048405785236006,0,0,12.828165374677004,32.19290344020333,BRD4,GO_Biological_Process
GO_Biological_Process_2021,cellular response to hypoxia (GO:0071456),1/131,0.0819059960266386,0.1050626650603479,0,0,12.728846153846154,31.849903464460027,LMNA,GO_Biological_Process
GO_Biological_Process_2021,defense response to virus (GO:0051607),1/133,0.0831070223634688,0.1054985517049216,0,0,12.53472222222222,31.1817018518508,STAT2,GO_Biological_Process
GO_Biological_Process_2021,regulation of cell motility (GO:2000145),1/133,0.0831070223634688,0.1054985517049216,0,0,12.53472222222222,31.1817018518508,LMNA,GO_Biological_Process
GO_Biological_Process_2021,regulation of cell population proliferation (GO:0042127),2/764,0.0860570089050621,0.1086802432048465,0,0,4.587210689572895,11.25125949612095,STAT2;LMNA,GO_Biological_Process
GO_Biological_Process_2021,protein dephosphorylation (GO:0006470),1/139,0.086701405240232,0.1089325347890095,0,0,11.98611111111111,29.309459952738585,PTPRF,GO_Biological_Process
GO_Biological_Process_2021,enzyme linked receptor protein signaling pathway (GO:0007167),1/140,0.0872992029804689,0.1091240037255861,0,0,11.899280575539567,29.015371700867,PTPRF,GO_Biological_Process
GO_Biological_Process_2021,chromatin organization (GO:0006325),1/142,0.088493715040115,0.1094997989132736,0,0,11.729314420803783,28.4415201317001,SMARCA4,GO_Biological_Process
GO_Biological_Process_2021,protein localization to organelle (GO:0033365),1/142,0.088493715040115,0.1094997989132736,0,0,11.729314420803783,28.4415201317001,LMNA,GO_Biological_Process
GO_Biological_Process_2021,regulation of mRNA stability (GO:0043488),1/146,0.0908784111279133,0.1118854810368782,0,0,11.403448275862068,27.3481237720878,EIF4G1,GO_Biological_Process
GO_Biological_Process_2021,regulation of G2/M transition of mitotic cell cycle (GO:0010389),1/149,0.092663152456293,0.113512361758959,0,0,11.170608108108109,26.57246805823029,BRD4,GO_Biological_Process
GO_Biological_Process_2021,negative regulation of protein phosphorylation (GO:0001933),1/152,0.0944446591214452,0.1147007651003291,0,0,10.947019867549669,25.8321341685313,EIF4G1,GO_Biological_Process
GO_Biological_Process_2021,dephosphorylation (GO:0016311),1/153,0.0950377767974155,0.1147007651003291,0,0,10.874451754385966,25.592813587643803,PTPRF,GO_Biological_Process
GO_Biological_Process_2021,positive regulation of Wnt signaling pathway (GO:0030177),1/153,0.0950377767974155,0.1147007651003291,0,0,10.874451754385966,25.592813587643803,SMARCA4,GO_Biological_Process
GO_Biological_Process_2021,peptide biosynthetic process (GO:0043043),1/162,0.1003597222049837,0.1205300585304952,0,0,10.261904761904765,23.592060816165063,EIF4G1,GO_Biological_Process
GO_Biological_Process_2021,double-strand break repair (GO:0006302),1/164,0.1015384465657889,0.1213508263835038,0,0,10.134969325153374,23.18189541881573,NSD2,GO_Biological_Process
GO_Biological_Process_2021,cell-cell adhesion via plasma-membrane adhesion molecules (GO:0098742),1/170,0.1050660716630017,0.1244467660920082,0,0,9.772189349112423,22.018363543847435,PTPRF,GO_Biological_Process
GO_Biological_Process_2021,nuclear-transcribed mRNA catabolic process (GO:0000956),1/171,0.1056527646821947,0.1244467660920082,0,0,9.71421568627451,21.83364559845647,EIF4G1,GO_Biological_Process
GO_Biological_Process_2021,positive regulation of I-kappaB kinase/NF-kappaB signaling (GO:0043123),1/171,0.1056527646821947,0.1244467660920082,0,0,9.71421568627451,21.83364559845647,BRD4,GO_Biological_Process
GO_Biological_Process_2021,positive regulation of developmental process (GO:0051094),1/177,0.1091654735973338,0.1273597191968894,0,0,9.380208333333334,20.7761337769104,LMNA,GO_Biological_Process
GO_Biological_Process_2021,glycerophospholipid biosynthetic process (GO:0046474),1/177,0.1091654735973338,0.1273597191968894,0,0,9.380208333333334,20.7761337769104,MBOAT7,GO_Biological_Process
GO_Biological_Process_2021,regulation of translation (GO:0006417),1/178,0.1097496853958129,0.1274344688245221,0,0,9.326741996233524,20.607931630836863,EIF4G1,GO_Biological_Process
GO_Biological_Process_2021,regulated exocytosis (GO:0045055),1/180,0.1109170481757075,0.128182437750228,0,0,9.221601489757914,20.278049656804296,WDR1,GO_Biological_Process
GO_Biological_Process_2021,positive regulation of transcription by RNA polymerase II (GO:0045944),2/908,0.1153868588289595,0.1327219737703995,0,0,3.829219345775637,8.269064413027971,BRD4;SMARCA4,GO_Biological_Process
GO_Biological_Process_2021,regulation of signal transduction (GO:0009966),1/198,0.1213599106401171,0.1389400846113491,0,0,8.37140439932318,17.655247344501635,ITGA3,GO_Biological_Process
GO_Biological_Process_2021,regulation of inflammatory response (GO:0050727),1/206,0.1259647396356856,0.1435412149336883,0,0,8.041463414634146,16.659928007090993,BRD4,GO_Biological_Process
GO_Biological_Process_2021,translation (GO:0006412),1/214,0.1305472828644177,0.1480744643601034,0,0,7.736306729264475,15.751273656768497,EIF4G1,GO_Biological_Process
GO_Biological_Process_2021,extracellular structure organization (GO:0043062),1/216,0.1316894481036944,0.1486408382924748,0,0,7.663565891472868,15.536414526281987,ITGA3,GO_Biological_Process
GO_Biological_Process_2021,external encapsulating structure organization (GO:0045229),1/217,0.1322600112153449,0.1486408382924748,0,0,7.627700617283951,15.43072783816533,ITGA3,GO_Biological_Process
GO_Biological_Process_2021,regulation of I-kappaB kinase/NF-kappaB signaling (GO:0043122),1/224,0.136244273164289,0.1524193923527435,0,0,7.385650224215246,14.721860005842894,BRD4,GO_Biological_Process
GO_Biological_Process_2021,regulation of autophagy (GO:0010506),1/231,0.1402116425162329,0.1561447837112594,0,0,7.158333333333333,14.06327788480812,EIF4G1,GO_Biological_Process
GO_Biological_Process_2021,positive regulation of DNA-binding transcription factor activity (GO:0051091),1/246,0.1486565701634252,0.164800270090675,0,0,6.714965986394557,12.79950767603578,SMARCA4,GO_Biological_Process
GO_Biological_Process_2021,positive regulation of signal transduction (GO:0009967),1/252,0.1520130506430728,0.1677621504844722,0,0,6.552456839309429,12.343445476872184,SMARCA4,GO_Biological_Process
GO_Biological_Process_2021,cellular component assembly (GO:0022607),1/261,0.1570248736583684,0.1725161167995527,0,0,6.32275641025641,11.70564175213891,SLC2A1,GO_Biological_Process
GO_Biological_Process_2021,central nervous system development (GO:0007417),1/268,0.1609040390836522,0.1759887927477446,0,0,6.154806491885144,11.244506008237057,SLC2A1,GO_Biological_Process
GO_Biological_Process_2021,regulation of transcription by RNA polymerase II (GO:0006357),3/2206,0.1659781431671773,0.1807317558931486,0,0,2.4217884702678165,4.349287896312508,STAT2;BRD4;SMARCA4,GO_Biological_Process
GO_Biological_Process_2021,DNA repair (GO:0006281),1/298,0.1773431265926722,0.1914268007864468,0,0,5.524691358024692,9.555886573732666,NSD2,GO_Biological_Process
GO_Biological_Process_2021,"positive regulation of transcription, DNA-templated (GO:0045893)",2/1183,0.1773627909327487,0.1914268007864468,0,0,2.895235162805019,5.007477073499139,BRD4;SMARCA4,GO_Biological_Process
GO_Biological_Process_2021,extracellular matrix organization (GO:0030198),1/300,0.1784284242856759,0.1917322980262746,0,0,5.487179487179487,9.457525561806184,ITGA3,GO_Biological_Process
GO_Biological_Process_2021,cellular macromolecule biosynthetic process (GO:0034645),1/314,0.1859885806438603,0.1989834159726889,0,0,5.238019169329074,8.810714912227741,EIF4G1,GO_Biological_Process
GO_Biological_Process_2021,gene expression (GO:0010467),1/356,0.2082854719975981,0.2218693071278763,0,0,4.608450704225352,7.229947972910557,EIF4G1,GO_Biological_Process
GO_Biological_Process_2021,positive regulation of protein phosphorylation (GO:0001934),1/371,0.2161110433440563,0.2292086823346051,0,0,4.418243243243243,6.768584792976873,EIF4G1,GO_Biological_Process
GO_Biological_Process_2021,negative regulation of cell population proliferation (GO:0008285),1/379,0.2202554261187902,0.2325973249961362,0,0,4.322971781305115,6.540515282377034,LMNA,GO_Biological_Process
GO_Biological_Process_2021,regulation of cell migration (GO:0030334),1/408,0.235109859848123,0.2472185221578975,0,0,4.009009009009009,5.803851905277552,LMNA,GO_Biological_Process
GO_Biological_Process_2021,cellular protein metabolic process (GO:0044267),1/417,0.2396664668818695,0.2509328392566583,0,0,3.920472756410256,5.600422946475893,EIF4G1,GO_Biological_Process
GO_Biological_Process_2021,regulation of nucleic acid-templated transcription (GO:1903506),1/430,0.2462040096661908,0.256680776034965,0,0,3.799145299145299,5.324862216511154,NSD2,GO_Biological_Process
GO_Biological_Process_2021,nervous system development (GO:0007399),1/447,0.2546748189777852,0.2643869942777854,0,0,3.6511584454409567,4.9939368349910565,SLC2A1,GO_Biological_Process
GO_Biological_Process_2021,negative regulation of nucleic acid-templated transcription (GO:1903507),1/464,0.2630576834599669,0.2719372677117802,0,0,3.514038876889849,4.69258406006518,SMARCA4,GO_Biological_Process
GO_Biological_Process_2021,regulation of cellular macromolecule biosynthetic process (GO:2000112),1/468,0.265017432114078,0.2728120624703744,0,0,3.483226266952177,4.625584016525852,NSD2,GO_Biological_Process
GO_Biological_Process_2021,cellular response to cytokine stimulus (GO:0071345),1/482,0.2718387316404644,0.2786631349452459,0,0,3.3794178794178795,4.401848210721037,STAT2,GO_Biological_Process
GO_Biological_Process_2021,positive regulation of intracellular signal transduction (GO:1902533),1/546,0.3022840330407161,0.307775177005804,0,0,2.972782874617737,3.55660234298838,BRD4,GO_Biological_Process
GO_Biological_Process_2021,negative regulation of cellular macromolecule biosynthetic process (GO:2000113),1/547,0.3027502761567297,0.307775177005804,0,0,2.9671855921855923,3.5453327569436475,SMARCA4,GO_Biological_Process
GO_Biological_Process_2021,negative regulation of transcription by RNA polymerase II (GO:0000122),1/684,0.3639752943010486,0.3684873847262683,0,0,2.3552952659834063,2.3804245858462165,SMARCA4,GO_Biological_Process
GO_Biological_Process_2021,"negative regulation of transcription, DNA-templated (GO:0045892)",1/948,0.4681934236310718,0.4720468674469654,0,0,1.6754663850756777,1.2714674923043583,SMARCA4,GO_Biological_Process
GO_Biological_Process_2021,cellular protein modification process (GO:0006464),1/1025,0.4954754717702091,0.4975061089495952,0,0,1.543212890625,1.0837018518089712,PTPRF,GO_Biological_Process
GO_Biological_Process_2021,regulation of gene expression (GO:0010468),1/1079,0.5138311402845726,0.5138311402845726,0,0,1.461734693877551,0.9733115232753086,NSD2,GO_Biological_Process
Reactome_2022,SARS-CoV Infections R-HSA-9679506,3/369,0.0015526983199232,0.0851585907959561,0,0,16.082786885245902,104.01962194874756,GANAB;STAT2;BRD4,Reactome_Pathways
Reactome_2022,Potential Therapeutics For SARS R-HSA-9679191,2/97,0.0017537374706539,0.0851585907959561,0,0,38.07081339712919,241.5976129419097,STAT2;BRD4,Reactome_Pathways
Reactome_2022,Maturation Of Spike Protein R-HSA-9683686,1/5,0.0032460508750897,0.0851585907959561,0,0,416.3125,2385.6022367218384,GANAB,Reactome_Pathways
Reactome_2022,Disease R-HSA-1643685,5/1736,0.0034822210885179,0.0851585907959561,0,0,6.59156556903524,37.3088210410112,GANAB;STAT2;LMNA;SLC2A1;BRD4,Reactome_Pathways
Reactome_2022,Vitamin C (Ascorbate) Metabolism R-HSA-196836,1/7,0.0045417536091676,0.0851585907959561,0,0,277.5138888888889,1497.032601111507,SLC2A1,Reactome_Pathways
Reactome_2022,Interferon Signaling R-HSA-913531,2/200,0.0072181010363148,0.0851585907959561,0,0,18.171717171717173,89.6077061786221,STAT2;EIF4G1,Reactome_Pathways
Reactome_2022,Cytokine Signaling In Immune System R-HSA-1280215,3/702,0.0094635088884399,0.0851585907959561,0,0,8.278111587982833,38.57858315369342,STAT2;SMARCA4;EIF4G1,Reactome_Pathways
Reactome_2022,Depolymerisation Of Nuclear Lamina R-HSA-4419969,1/15,0.0097090442156726,0.0851585907959561,0,0,118.88690476190476,551.0048324972125,LMNA,Reactome_Pathways
Reactome_2022,Chromatin Modifying Enzymes R-HSA-3247509,2/238,0.0100884656668437,0.0851585907959561,0,0,15.21648690292758,69.94049010057465,NSD2;SMARCA4,Reactome_Pathways
Reactome_2022,MET Activates PTK2 Signaling R-HSA-8874081,1/17,0.0109969941425308,0.0851585907959561,0,0,104.015625,469.12433437564215,ITGA3,Reactome_Pathways
Reactome_2022,Acyl Chain Remodelling Of PI R-HSA-1482922,1/17,0.0109969941425308,0.0851585907959561,0,0,104.015625,469.12433437564215,MBOAT7,Reactome_Pathways
Reactome_2022,Initiation Of Nuclear Envelope (NE) Reformation R-HSA-2995383,1/19,0.0122833981550328,0.0851585907959561,0,0,92.44907407407408,406.7303181925871,LMNA,Reactome_Pathways
Reactome_2022,Receptor-type Tyrosine-Protein Phosphatases R-HSA-388844,1/20,0.0129260209528938,0.0851585907959561,0,0,87.57894736842105,380.8381798737429,PTPRF,Reactome_Pathways
Reactome_2022,Synaptic Adhesion-Like Molecules R-HSA-8849932,1/21,0.0135682578861655,0.0851585907959561,0,0,83.19583333333334,357.74392971285124,PTPRF,Reactome_Pathways
Reactome_2022,Deregulated CDK5 Triggers Neurodegenerative Pathways In Alzheimers Disease Models R-HSA-8862803,1/21,0.0135682578861655,0.0851585907959561,0,0,83.19583333333334,357.74392971285124,LMNA,Reactome_Pathways
Reactome_2022,Cellular Hexose Transport R-HSA-189200,1/21,0.0135682578861655,0.0851585907959561,0,0,83.19583333333334,357.74392971285124,SLC2A1,Reactome_Pathways
Reactome_2022,SARS-CoV-2 Infection R-HSA-9694516,2/283,0.0140405974231484,0.0851585907959561,0,0,12.75056615981883,54.39139483061334,GANAB;STAT2,Reactome_Pathways
Reactome_2022,Laminin Interactions R-HSA-3000157,1/22,0.0142101091631312,0.0851585907959561,0,0,79.23015873015873,337.0293803138913,ITGA3,Reactome_Pathways
Reactome_2022,mTORC1-mediated Signaling R-HSA-166208,1/24,0.0154926555661662,0.0851585907959561,0,0,72.33333333333333,301.441152263015,EIF4G1,Reactome_Pathways
Reactome_2022,Defective Intrinsic Pathway For Apoptosis R-HSA-9734009,1/24,0.0154926555661662,0.0851585907959561,0,0,72.33333333333333,301.441152263015,LMNA,Reactome_Pathways
Reactome_2022,Interleukin-7 Signaling R-HSA-1266695,1/25,0.016133351108423,0.0851585907959561,0,0,69.31597222222223,286.05777422638903,SMARCA4,Reactome_Pathways
Reactome_2022,Regulation Of IFNA/IFNB Signaling R-HSA-912694,1/25,0.016133351108423,0.0851585907959561,0,0,69.31597222222223,286.05777422638903,STAT2,Reactome_Pathways
Reactome_2022,Deadenylation Of mRNA R-HSA-429947,1/25,0.016133351108423,0.0851585907959561,0,0,69.31597222222223,286.05777422638903,EIF4G1,Reactome_Pathways
Reactome_2022,Basigin Interactions R-HSA-210991,1/25,0.016133351108423,0.0851585907959561,0,0,69.31597222222223,286.05777422638903,ITGA3,Reactome_Pathways
Reactome_2022,Calnexin/calreticulin Cycle R-HSA-901042,1/26,0.0167736618234459,0.0851585907959561,0,0,66.54,272.01188501169923,GANAB,Reactome_Pathways
Reactome_2022,Interleukin-20 Family Signaling R-HSA-8854691,1/26,0.0167736618234459,0.0851585907959561,0,0,66.54,272.01188501169923,STAT2,Reactome_Pathways
Reactome_2022,MET Promotes Cell Motility R-HSA-8875878,1/28,0.0180531296002428,0.0879896549823432,0,0,61.60493827160494,247.30909578576168,ITGA3,Reactome_Pathways
Reactome_2022,EGR2 And SOX10-mediated Initiation Of Schwann Cell Myelination R-HSA-9619665,1/29,0.0186922870807393,0.0879896549823432,0,0,59.40178571428572,236.3979776770167,SMARCA4,Reactome_Pathways
Reactome_2022,Translation Of Structural Proteins R-HSA-9683701,1/30,0.0193310605643026,0.0879896549823432,0,0,57.35057471264368,226.30778348154325,GANAB,Reactome_Pathways
Reactome_2022,Infectious Disease R-HSA-5663205,3/961,0.022032054343857,0.0928915984180111,0,0,5.958977035490605,22.73502807527884,GANAB;STAT2;BRD4,Reactome_Pathways
Reactome_2022,N-glycan Trimming In ER And Calnexin/Calreticulin Cycle R-HSA-532668,1/35,0.0225191753740633,0.0928915984180111,0,0,48.90441176470589,185.51341332613868,GANAB,Reactome_Pathways
Reactome_2022,RUNX1 Interacts With Co-Factors Whose Precise Effect On RUNX1 Targets Is Not Known R-HSA-8939243,1/35,0.0225191753740633,0.0928915984180111,0,0,48.90441176470589,185.51341332613868,SMARCA4,Reactome_Pathways
Reactome_2022,Apoptotic Cleavage Of Cellular Proteins R-HSA-111465,1/38,0.0244274496995066,0.0964716773369544,0,0,44.93243243243244,166.7913365695687,LMNA,Reactome_Pathways
Reactome_2022,MTOR Signaling R-HSA-165159,1/41,0.0263322850072555,0.0964716773369544,0,0,41.55625,151.13839929513645,EIF4G1,Reactome_Pathways
Reactome_2022,XBP1(S) Activates Chaperone Genes R-HSA-381038,1/46,0.0294993835815373,0.0964716773369544,0,0,36.92962962962963,130.1173367501014,LMNA,Reactome_Pathways
Reactome_2022,PKMTs Methylate Histone Lysines R-HSA-3214841,1/47,0.030131661136783,0.0964716773369544,0,0,36.125,126.5162089708299,NSD2,Reactome_Pathways
Reactome_2022,IRE1alpha Activates Chaperones R-HSA-381070,1/48,0.0307635584593973,0.0964716773369544,0,0,35.354609929078016,123.08440365356886,LMNA,Reactome_Pathways
Reactome_2022,RMTs Methylate Histone Arginines R-HSA-3214858,1/49,0.0313950757631915,0.0964716773369544,0,0,34.61631944444444,119.81068935137382,SMARCA4,Reactome_Pathways
Reactome_2022,Nonhomologous End-Joining (NHEJ) R-HSA-5693571,1/51,0.0326569711233982,0.0964716773369544,0,0,33.22833333333333,113.69728633442386,NSD2,Reactome_Pathways
Reactome_2022,SARS-CoV-1 Infection R-HSA-9678108,1/52,0.0332873496068505,0.0964716773369544,0,0,32.57516339869281,110.83952930563026,GANAB,Reactome_Pathways
Reactome_2022,Apoptotic Execution Phase R-HSA-75153,1/52,0.0332873496068505,0.0964716773369544,0,0,32.57516339869281,110.83952930563026,LMNA,Reactome_Pathways
Reactome_2022,Signaling By Interleukins R-HSA-449147,2/453,0.033853860144283,0.0964716773369544,0,0,7.875831485587583,26.665220376387897,STAT2;SMARCA4,Reactome_Pathways
Reactome_2022,Nuclear Envelope Breakdown R-HSA-2980766,1/53,0.0339173488988434,0.0964716773369544,0,0,31.947115384615383,108.10356363888964,LMNA,Reactome_Pathways
Reactome_2022,AUF1 (hnRNP D0) Binds And Destabilizes mRNA R-HSA-450408,1/54,0.0345469692098807,0.0964716773369544,0,0,31.342767295597483,105.4820602978719,EIF4G1,Reactome_Pathways
Reactome_2022,Deadenylation-dependent mRNA Decay R-HSA-429914,1/56,0.0358050737240217,0.0964716773369544,0,0,30.2,100.5559032787779,EIF4G1,Reactome_Pathways
Reactome_2022,Ribosomal Scanning And Start Codon Recognition R-HSA-72702,1/57,0.0364335583389396,0.0964716773369544,0,0,29.65922619047619,98.23921673902151,EIF4G1,Reactome_Pathways
Reactome_2022,Translation Initiation Complex Formation R-HSA-72649,1/57,0.0364335583389396,0.0964716773369544,0,0,29.65922619047619,98.23921673902151,EIF4G1,Reactome_Pathways
Reactome_2022,Late SARS-CoV-2 Infection Events R-HSA-9772573,1/58,0.0370616648121668,0.0964716773369544,0,0,29.1374269005848,96.0128372683442,GANAB,Reactome_Pathways
Reactome_2022,"mRNA Activation Upon Binding Of Cap-Binding Complex And eIFs, Subsequent Binding To 43S R-HSA-72662",1/58,0.0370616648121668,0.0964716773369544,0,0,29.1374269005848,96.0128372683442,EIF4G1,Reactome_Pathways
Reactome_2022,Recruitment And ATM-mediated Phosphorylation Of Repair And Signal Proteins At DNA Double Strand Breaks R-HSA-5693565,1/60,0.038316744140727,0.0964716773369544,0,0,28.146892655367232,91.81145674128096,NSD2,Reactome_Pathways
Reactome_2022,Formation Of beta-catenin:TCF Transactivating Complex R-HSA-201722,1/60,0.038316744140727,0.0964716773369544,0,0,28.146892655367232,91.81145674128096,SMARCA4,Reactome_Pathways
Reactome_2022,Meiotic Synapsis R-HSA-1221632,1/60,0.038316744140727,0.0964716773369544,0,0,28.146892655367232,91.81145674128096,LMNA,Reactome_Pathways
Reactome_2022,DNA Double Strand Break Response R-HSA-5693606,1/61,0.0389437174197565,0.0964716773369544,0,0,27.676388888888887,89.82753445091376,NSD2,Reactome_Pathways
Reactome_2022,Signaling By BRAF And RAF1 Fusions R-HSA-6802952,1/62,0.0395703133756882,0.0964716773369544,0,0,27.22131147540984,87.91601919409594,LMNA,Reactome_Pathways
Reactome_2022,Signaling By MET R-HSA-6806834,1/63,0.040196532223731,0.0964716773369544,0,0,26.780913978494624,86.07317595715509,ITGA3,Reactome_Pathways
Reactome_2022,Integrin Cell Surface Interactions R-HSA-216083,1/66,0.0420729281997368,0.0991719021850941,0,0,25.54102564102564,80.9229285312976,ITGA3,Reactome_Pathways
Reactome_2022,Diseases Of Programmed Cell Death R-HSA-9645723,1/71,0.0451927319981768,0.1021859496958765,0,0,23.710714285714285,73.42779054088277,LMNA,Reactome_Pathways
Reactome_2022,Interferon Alpha/Beta Signaling R-HSA-909733,1/72,0.0458155662055763,0.1021859496958765,0,0,23.37558685446009,72.0700051727417,STAT2,Reactome_Pathways
Reactome_2022,Nervous System Development R-HSA-9675108,2/545,0.0474012585774803,0.1021859496958765,0,0,6.510631173614599,19.851607819933136,SMARCA4;EIF4G1,Reactome_Pathways
Reactome_2022,ISG15 Antiviral Mechanism R-HSA-1169408,1/75,0.0476818194198418,0.1021859496958765,0,0,22.42454954954955,68.2425035090917,EIF4G1,Reactome_Pathways
Reactome_2022,Nuclear Envelope (NE) Reassembly R-HSA-2995410,1/75,0.0476818194198418,0.1021859496958765,0,0,22.42454954954955,68.2425035090917,LMNA,Reactome_Pathways
Reactome_2022,Regulation Of Insulin Secretion R-HSA-422356,1/77,0.0489241158050175,0.1021859496958765,0,0,21.832236842105264,65.87844365768125,SLC2A1,Reactome_Pathways
Reactome_2022,G2/M DNA Damage Checkpoint R-HSA-69473,1/77,0.0489241158050175,0.1021859496958765,0,0,21.832236842105264,65.87844365768125,NSD2,Reactome_Pathways
Reactome_2022,Oncogenic MAPK Signaling R-HSA-6802957,1/78,0.0495447028828492,0.1021859496958765,0,0,21.547619047619047,64.74800798109044,LMNA,Reactome_Pathways
Reactome_2022,Processing Of DNA Double-Strand Break Ends R-HSA-5693607,1/80,0.0507847558615241,0.1031321195957105,0,0,21.0,62.58334006884147,NSD2,Reactome_Pathways
Reactome_2022,Hemostasis R-HSA-109582,2/576,0.0523572579720375,0.103712666866827,0,0,6.149192271143491,18.13805542530285,WDR1;ITGA3,Reactome_Pathways
Reactome_2022,Antiviral Mechanism By IFN-stimulated Genes R-HSA-1169410,1/83,0.0526420354551319,0.103712666866827,0,0,20.228658536585368,59.55803218916631,EIF4G1,Reactome_Pathways
Reactome_2022,Regulation Of mRNA Stability By Proteins That Bind AU-rich Elements R-HSA-450531,1/88,0.0557300488159362,0.1047569391442522,0,0,19.061302681992338,55.03447552600268,EIF4G1,Reactome_Pathways
Reactome_2022,Meiosis R-HSA-1500620,1/88,0.0557300488159362,0.1047569391442522,0,0,19.061302681992338,55.03447552600268,LMNA,Reactome_Pathways
Reactome_2022,Protein-protein Interactions At Synapses R-HSA-6794362,1/88,0.0557300488159362,0.1047569391442522,0,0,19.061302681992338,55.03447552600268,PTPRF,Reactome_Pathways
Reactome_2022,Unfolded Protein Response (UPR) R-HSA-381119,1/89,0.0563465354488023,0.1047569391442522,0,0,18.84375,54.19904429476309,LMNA,Reactome_Pathways
Reactome_2022,Nonsense Mediated Decay (NMD) Independent Of Exon Junction Complex (EJC) R-HSA-975956,1/92,0.0581937669386946,0.1066885727209402,0,0,18.21978021978022,51.81663638666002,EIF4G1,Reactome_Pathways
Reactome_2022,SLC Transporter Disorders R-HSA-5619102,1/99,0.0624910010872804,0.1129974266235755,0,0,16.912414965986393,46.89360626939404,SLC2A1,Reactome_Pathways
Reactome_2022,Cell Cycle R-HSA-1640170,2/654,0.0656202377261019,0.1164414801509662,0,0,5.391801450083658,14.686572301494184,LMNA;NSD2,Reactome_Pathways
Reactome_2022,Integration Of Energy Metabolism R-HSA-163685,1/105,0.066159931903958,0.1164414801509662,0,0,15.931891025641026,43.26592192345684,SLC2A1,Reactome_Pathways
Reactome_2022,L13a-mediated Translational Silencing Of Ceruloplasmin Expression R-HSA-156827,1/108,0.0679894229711755,0.1167441959407957,0,0,15.482866043613708,41.62418553992519,EIF4G1,Reactome_Pathways
Reactome_2022,GTP Hydrolysis And Joining Of 60S Ribosomal Subunit R-HSA-72706,1/109,0.068598517731233,0.1167441959407957,0,0,15.338734567901234,41.09989925264156,EIF4G1,Reactome_Pathways
Reactome_2022,Mitotic Prophase R-HSA-68875,1/112,0.070423598148171,0.1167441959407957,0,0,14.92192192192192,39.591244210462285,LMNA,Reactome_Pathways
Reactome_2022,Nonsense Mediated Decay (NMD) Enhanced By Exon Junction Complex (EJC) R-HSA-975957,1/112,0.070423598148171,0.1167441959407957,0,0,14.92192192192192,39.591244210462285,EIF4G1,Reactome_Pathways
Reactome_2022,Reproduction R-HSA-1474165,1/113,0.0710312243296769,0.1167441959407957,0,0,14.787946428571429,39.108731340452245,LMNA,Reactome_Pathways
Reactome_2022,HDR Thru Homologous Recombination (HRR) Or Single Strand Annealing (SSA) R-HSA-5693567,1/114,0.071638483872761,0.1167441959407957,0,0,14.656342182890857,38.63591874781072,NSD2,Reactome_Pathways
Reactome_2022,Cap-dependent Translation Initiation R-HSA-72737,1/116,0.0728519038358835,0.1172737964187392,0,0,14.4,37.71830322776916,EIF4G1,Reactome_Pathways
Reactome_2022,Homology Directed Repair R-HSA-5693538,1/119,0.0746692890506965,0.1187511584902643,0,0,14.03177966101695,36.40806778684625,NSD2,Reactome_Pathways
Reactome_2022,SARS-CoV-2 Activates/Modulates Innate And Adaptive Immune Responses R-HSA-9705671,1/121,0.0758790517068621,0.1187741985259529,0,0,13.796527777777778,35.575928388462685,STAT2,Reactome_Pathways
Reactome_2022,Metabolism Of Water-Soluble Vitamins And Cofactors R-HSA-196849,1/122,0.0764833854144393,0.1187741985259529,0,0,13.681818181818182,35.17160025020979,SLC2A1,Reactome_Pathways
Reactome_2022,Platelet Degranulation R-HSA-114608,1/125,0.0782941984154646,0.1201724905911782,0,0,13.348790322580646,34.003130280859715,WDR1,Reactome_Pathways
Reactome_2022,Glycerophospholipid Biosynthesis R-HSA-1483206,1/127,0.0794995856538601,0.1206200609920637,0,0,13.135582010582011,33.25933922123504,MBOAT7,Reactome_Pathways
Reactome_2022,Response To Elevated Platelet Cytosolic Ca2+ R-HSA-76005,1/130,0.0813049384468739,0.1219574076703109,0,0,12.828165374677004,32.19290344020333,WDR1,Reactome_Pathways
Reactome_2022,Cell Surface Interactions At Vascular Wall R-HSA-202733,1/134,0.0837069915156922,0.1241496952817008,0,0,12.43984962406015,30.856210715153104,ITGA3,Reactome_Pathways
Reactome_2022,G2/M Checkpoints R-HSA-69481,1/148,0.092068598352837,0.1344124848816558,0,0,11.24716553287982,26.826979305512165,NSD2,Reactome_Pathways
Reactome_2022,DNA Double-Strand Break Repair R-HSA-5693532,1/149,0.092663152456293,0.1344124848816558,0,0,11.170608108108109,26.57246805823029,NSD2,Reactome_Pathways
Reactome_2022,Regulation Of Expression Of SLITs And ROBOs R-HSA-9010553,1/167,0.1033038603938053,0.1482185823041555,0,0,9.950301204819278,22.587985061054304,EIF4G1,Reactome_Pathways
Reactome_2022,Disorders Of Transmembrane Transporters R-HSA-5619115,1/176,0.1085809079251888,0.1541148370551067,0,0,9.434285714285714,20.94656426340017,SLC2A1,Reactome_Pathways
Reactome_2022,Apoptosis R-HSA-109581,1/178,0.1097496853958129,0.1541165794919926,0,0,9.326741996233524,20.607931630836863,LMNA,Reactome_Pathways
Reactome_2022,Metabolism Of Vitamins And Cofactors R-HSA-196854,1/186,0.1144106640708809,0.1589706069195398,0,0,8.91981981981982,19.337821380243447,SLC2A1,Reactome_Pathways
Reactome_2022,SARS-CoV-2-host Interactions R-HSA-9705683,1/196,0.1202052096349267,0.1651495691185099,0,0,8.458119658119658,17.918990985475308,STAT2,Reactome_Pathways
Reactome_2022,TCF Dependent Signaling In Response To WNT R-HSA-201681,1/198,0.1213599106401171,0.1651495691185099,0,0,8.37140439932318,17.655247344501635,SMARCA4,Reactome_Pathways
Reactome_2022,Transcriptional Regulation By RUNX1 R-HSA-8878171,1/204,0.1248156255486826,0.1652404465777242,0,0,8.12151067323481,16.900194711039827,SMARCA4,Reactome_Pathways
Reactome_2022,Immune System R-HSA-168256,3/1943,0.1254047375605924,0.1652404465777242,0,0,2.7907731958762887,5.794228068758311,STAT2;SMARCA4;EIF4G1,Reactome_Pathways
Reactome_2022,Phospholipid Metabolism R-HSA-1483257,1/208,0.1271124608572515,0.1652404465777242,0,0,7.962962962962963,16.425068857318326,MBOAT7,Reactome_Pathways
Reactome_2022,Programmed Cell Death R-HSA-5357801,1/208,0.1271124608572515,0.1652404465777242,0,0,7.962962962962963,16.425068857318326,LMNA,Reactome_Pathways
Reactome_2022,Signaling By ROBO Receptors R-HSA-376176,1/209,0.1276857996282414,0.1652404465777242,0,0,7.924278846153846,16.30961381464595,EIF4G1,Reactome_Pathways
Reactome_2022,Mitotic Anaphase R-HSA-68882,1/232,0.1407770344266212,0.1793957208608301,0,0,7.126984126984127,13.973007974458849,LMNA,Reactome_Pathways
Reactome_2022,Mitotic Metaphase And Anaphase R-HSA-2555396,1/233,0.1413420831024722,0.1793957208608301,0,0,7.095905172413793,13.883650833851748,LMNA,Reactome_Pathways
Reactome_2022,SLC-mediated Transmembrane Transport R-HSA-425407,1/247,0.1492168338629187,0.1875868768562407,0,0,6.687330623306233,12.721675310332383,SLC2A1,Reactome_Pathways
Reactome_2022,Developmental Biology R-HSA-1266738,2/1073,0.1518132423789936,0.1889070012869128,0,0,3.211272387742976,6.053583008083802,SMARCA4;EIF4G1,Reactome_Pathways
Reactome_2022,"Platelet Activation, Signaling And Aggregation R-HSA-76002",1/254,0.1531291601340884,0.1889070012869128,0,0,6.5,12.197077943892248,WDR1,Reactome_Pathways
Reactome_2022,Cell Cycle Checkpoints R-HSA-69620,1/271,0.1625614887990845,0.1986862640877699,0,0,6.0854938271604935,11.055510283612016,NSD2,Reactome_Pathways
Reactome_2022,Translation R-HSA-72766,1/281,0.1680645200972389,0.2023355799669438,0,0,5.865178571428571,10.460002427356065,EIF4G1,Reactome_Pathways
Reactome_2022,Asparagine N-linked Glycosylation R-HSA-446203,1/282,0.1686129833057865,0.2023355799669438,0,0,5.844009489916963,10.403208992539934,GANAB,Reactome_Pathways
Reactome_2022,Metabolism Of Carbohydrates R-HSA-71387,1/285,0.1702563709906357,0.2024670357726479,0,0,5.781396713615023,10.235673310191205,SLC2A1,Reactome_Pathways
Reactome_2022,Extracellular Matrix Organization R-HSA-1474244,1/291,0.1735341543097132,0.2045223961507335,0,0,5.660057471264368,9.912916232003305,ITGA3,Reactome_Pathways
Reactome_2022,Signaling By WNT R-HSA-195721,1/294,0.1751685599718337,0.2046216806750624,0,0,5.601251422070535,9.757416770740951,SMARCA4,Reactome_Pathways
Reactome_2022,DNA Repair R-HSA-73894,1/310,0.1838351154563208,0.2128617126336346,0,0,5.306903991370011,8.98838838517707,NSD2,Reactome_Pathways
Reactome_2022,Signal Transduction R-HSA-162582,3/2465,0.209718300650592,0.2407201363989404,0,0,2.135458976441917,3.335565725180156,ITGA3;SMARCA4;EIF4G1,Reactome_Pathways
Reactome_2022,M Phase R-HSA-68886,1/380,0.2207720494095188,0.2512233665694525,0,0,4.311345646437995,6.51282462193165,LMNA,Reactome_Pathways
Reactome_2022,Neuronal System R-HSA-112316,1/386,0.223865159786359,0.2525658212974307,0,0,4.242857142857143,6.350332542360768,PTPRF,Reactome_Pathways
Reactome_2022,Diseases Of Signal Transduction By Growth Factor Receptors And Second Messengers R-HSA-5663202,1/424,0.243193157062634,0.2720465824768448,0,0,3.854215918045705,5.449473058933139,LMNA,Reactome_Pathways
Reactome_2022,Signaling By Receptor Tyrosine Kinases R-HSA-9006934,1/496,0.2786015513395033,0.3090370149312137,0,0,3.2814814814814817,4.193643582557186,ITGA3,Reactome_Pathways
Reactome_2022,Axon Guidance R-HSA-422475,1/519,0.2895861541560962,0.3179789284323603,0,0,3.132078507078507,3.881592504297077,EIF4G1,Reactome_Pathways
Reactome_2022,"Cell Cycle, Mitotic R-HSA-69278",1/523,0.2914806843963303,0.3179789284323603,0,0,3.107439335887612,3.8307938442915503,LMNA,Reactome_Pathways
Reactome_2022,Metabolism Of Proteins R-HSA-392499,2/1890,0.3515966418342859,0.3804160387059487,0,0,1.7429699537750385,1.8218753614613448,GANAB;EIF4G1,Reactome_Pathways
Reactome_2022,Metabolism Of RNA R-HSA-8953854,1/666,0.3562246575941459,0.3822898764424981,0,0,2.4213032581453637,2.499253936177536,EIF4G1,Reactome_Pathways
Reactome_2022,Transport Of Small Molecules R-HSA-382551,1/706,0.3733313015364975,0.397417191958207,0,0,2.2791962174940896,2.245667066072432,SLC2A1,Reactome_Pathways
Reactome_2022,Cellular Responses To Stress R-HSA-2262752,1/722,0.3800556942876258,0.4010771514324324,0,0,2.2267683772538143,2.154259172039004,LMNA,Reactome_Pathways
Reactome_2022,Metabolism Of Lipids R-HSA-556833,1/732,0.3842245503307153,0.4010771514324324,0,0,2.195166438668491,2.0997384504128127,MBOAT7,Reactome_Pathways
Reactome_2022,Cellular Responses To Stimuli R-HSA-8953897,1/736,0.3858848350902948,0.4010771514324324,0,0,2.182766439909297,2.078465802213296,LMNA,Reactome_Pathways
Reactome_2022,Metabolism R-HSA-1430728,2/2049,0.3906420845537468,0.4028496496960514,0,0,1.5934627170582227,1.497796829279727,MBOAT7;SLC2A1,Reactome_Pathways
Reactome_2022,Generic Transcription Pathway R-HSA-212436,1/1190,0.5496420079149094,0.5624243801920003,0,0,1.3174936921783011,0.788504306316492,SMARCA4,Reactome_Pathways
Reactome_2022,RNA Polymerase II Transcription R-HSA-73857,1/1312,0.5861827441584846,0.5952009402224613,0,0,1.1871345029239766,0.6340766587593729,SMARCA4,Reactome_Pathways
Reactome_2022,Post-translational Protein Modification R-HSA-597592,1/1383,0.6061679150637708,0.610795151056624,0,0,1.1218644476603956,0.5616033722024968,GANAB,Reactome_Pathways
Reactome_2022,Gene Expression (Transcription) R-HSA-74160,1/1449,0.6239428717037833,0.6239428717037833,0,0,1.0669313996316758,0.5032677712688007,SMARCA4,Reactome_Pathways
